"location","acute_time","acute_care_centre","id","x","y","silver_rehab_centre","gold_rehab_centre","rehab_time"
"Wallangarra",195,"Brain Injury Rehabilitation Unit",1437,151.9262,-28.92345,"Brain Injury Rehabilitation Unit","Brain Injury Rehabilitation Unit",176.54359463
"Texas",195,"Brain Injury Rehabilitation Unit",1436,151.1692,-28.85306,"Brain Injury Rehabilitation Unit","Brain Injury Rehabilitation Unit",203.98724218
"Smithfield",183,"Townsville University Hospital",1435,145.690172,-16.83142,"Cairns Hospital","Townsville University Hospital",134.222506395
"Johnstone",345,"Brain Injury Rehabilitation Unit",1434,148.5382,-28.6787,"Roma Hospital","Brain Injury Rehabilitation Unit",275.520494745
"Stanthorpe",170,"Brain Injury Rehabilitation Unit",1433,151.9327,-28.65779,"Brain Injury Rehabilitation Unit","Brain Injury Rehabilitation Unit",152.3265671
"Dirranbandi",345,"Brain Injury Rehabilitation Unit",1432,148.2271,-28.5841,"Roma Hospital","Brain Injury Rehabilitation Unit",279.19051503
"Yelarbon",216,"Brain Injury Rehabilitation Unit",1431,150.7524,-28.57416,"Brain Injury Rehabilitation Unit","Brain Injury Rehabilitation Unit",206.27735905
"Goondiwindi",216,"Brain Injury Rehabilitation Unit",1430,150.3062,-28.54799,"Roma Hospital","Brain Injury Rehabilitation Unit",224.35145201
"Inglewood",183,"Brain Injury Rehabilitation Unit",1429,151.0795,-28.41751,"Brain Injury Rehabilitation Unit","Brain Injury Rehabilitation Unit",179.77983077
"Killarney",149,"Brain Injury Rehabilitation Unit",1141,152.2963,-28.33305,"Brain Injury Rehabilitation Unit","Brain Injury Rehabilitation Unit",125.95798438
"Warwick",149,"Brain Injury Rehabilitation Unit",1428,152.0311,-28.21745,"Brain Injury Rehabilitation Unit","Brain Injury Rehabilitation Unit",110.69038149
"Rathdowney",137,"Brain Injury Rehabilitation Unit",1427,152.8635,-28.20976,"Gold Coast University Hospital","Brain Injury Rehabilitation Unit",81.427456205
"Yangan",149,"Brain Injury Rehabilitation Unit",1426,152.2107,-28.19552,"Brain Injury Rehabilitation Unit","Brain Injury Rehabilitation Unit",110.32258503
"Springbrook",15,"Brain Injury Rehabilitation Unit",1425,153.2644,-28.18766,"Gold Coast University Hospital","Brain Injury Rehabilitation Unit",61.89129285
"Beechmont",53,"Brain Injury Rehabilitation Unit",1424,153.206,-28.09893,"Gold Coast University Hospital","Brain Injury Rehabilitation Unit",54.59096696
"Kooralbyn",128,"Brain Injury Rehabilitation Unit",1423,152.8443,-28.08068,"Gold Coast University Hospital","Brain Injury Rehabilitation Unit",77.492981145
"Cunnamulla",351,"Brain Injury Rehabilitation Unit",1422,145.6832,-28.06921,"Roma Hospital","Brain Injury Rehabilitation Unit",402.227548
"Lower Beechmont",40,"Brain Injury Rehabilitation Unit",1421,153.2516,-28.04105,"Gold Coast University Hospital","Brain Injury Rehabilitation Unit",41.49187337
"St George",286,"Brain Injury Rehabilitation Unit",1420,148.5812,-28.03888,"Roma Hospital","Brain Injury Rehabilitation Unit",226.61313207
"Allora",170,"Brain Injury Rehabilitation Unit",1419,151.982,-28.03472,"Brain Injury Rehabilitation Unit","Brain Injury Rehabilitation Unit",109.27837318
"Canungra",48,"Brain Injury Rehabilitation Unit",1418,153.1598,-28.01415,"Gold Coast University Hospital","Brain Injury Rehabilitation Unit",47.86985817
"Boonah",129,"Brain Injury Rehabilitation Unit",1417,152.6824,-27.9978,"Brain Injury Rehabilitation Unit","Brain Injury Rehabilitation Unit",61.17967837
"Thargomindah",375,"Brain Injury Rehabilitation Unit",1416,143.8229,-27.99583,"Roma Hospital","Brain Injury Rehabilitation Unit",528.71196751
"Gold Coast",26,"Brain Injury Rehabilitation Unit",1415,153.4277,-27.99114,"Gold Coast University Hospital","Brain Injury Rehabilitation Unit",32.35222577
"Beaudesert",75,"Brain Injury Rehabilitation Unit",1414,152.9992,-27.98632,"Gold Coast University Hospital","Brain Injury Rehabilitation Unit",58.86948468
"Aratula",77,"Brain Injury Rehabilitation Unit",1413,152.5384,-27.98409,"Brain Injury Rehabilitation Unit","Brain Injury Rehabilitation Unit",62.0275709
"Mount Nathan",38,"Brain Injury Rehabilitation Unit",1412,153.2639,-27.97678,"Gold Coast University Hospital","Brain Injury Rehabilitation Unit",36.71769324
"Mount Tamborine",45,"Brain Injury Rehabilitation Unit",1411,153.2014,-27.97114,"Gold Coast University Hospital","Brain Injury Rehabilitation Unit",43.067508305
"Boyland",55,"Brain Injury Rehabilitation Unit",1410,153.1642,-27.94939,"Gold Coast University Hospital","Brain Injury Rehabilitation Unit",46.66859482
"Gleneagle",66,"Brain Injury Rehabilitation Unit",1409,152.9918,-27.94234,"Brain Injury Rehabilitation Unit","Brain Injury Rehabilitation Unit",50.63844965
"Kalbar",129,"Brain Injury Rehabilitation Unit",1408,152.6229,-27.94196,"Brain Injury Rehabilitation Unit","Brain Injury Rehabilitation Unit",58.29706134
"Maudsland",31,"Brain Injury Rehabilitation Unit",1407,153.2774,-27.93276,"Gold Coast University Hospital","Brain Injury Rehabilitation Unit",30.34350339
"Clifton",164,"Brain Injury Rehabilitation Unit",1406,151.9083,-27.92996,"Brain Injury Rehabilitation Unit","Brain Injury Rehabilitation Unit",120.8941977
"Eagle Heights",49,"Brain Injury Rehabilitation Unit",1405,153.2054,-27.92251,"Gold Coast University Hospital","Brain Injury Rehabilitation Unit",43.66494125
"Tamborine",58,"Brain Injury Rehabilitation Unit",1404,153.1285,-27.88138,"Gold Coast University Hospital","Brain Injury Rehabilitation Unit",43.758124905
"Cedar Vale",58,"Brain Injury Rehabilitation Unit",1403,153.002,-27.87876,"Brain Injury Rehabilitation Unit","Brain Injury Rehabilitation Unit",42.92606492
"Millmerran",160,"Brain Injury Rehabilitation Unit",1402,151.2671,-27.87814,"Brain Injury Rehabilitation Unit","Brain Injury Rehabilitation Unit",137.99248504
"Cedar Grove",58,"Brain Injury Rehabilitation Unit",1401,152.9843,-27.86655,"Brain Injury Rehabilitation Unit","Brain Injury Rehabilitation Unit",42.69951376
"Mundoolun",65,"Brain Injury Rehabilitation Unit",1400,153.0767,-27.86482,"Brain Injury Rehabilitation Unit","Brain Injury Rehabilitation Unit",44.67092978
"Jimboomba",53,"Brain Injury Rehabilitation Unit",1399,153.0307,-27.83265,"Brain Injury Rehabilitation Unit","Brain Injury Rehabilitation Unit",38.239324
"Jimboomba - West",55,"Brain Injury Rehabilitation Unit",1398,152.9618,-27.81259,"Brain Injury Rehabilitation Unit","Brain Injury Rehabilitation Unit",40.15583666
"Harrisville",64,"Brain Injury Rehabilitation Unit",1397,152.6677,-27.81036,"Brain Injury Rehabilitation Unit","Brain Injury Rehabilitation Unit",48.79239698
"Peak Crossing",57,"Brain Injury Rehabilitation Unit",1396,152.7294,-27.78404,"Brain Injury Rehabilitation Unit","Brain Injury Rehabilitation Unit",41.480086
"Greenmount",151,"Brain Injury Rehabilitation Unit",1395,151.9059,-27.78299,"Brain Injury Rehabilitation Unit","Brain Injury Rehabilitation Unit",108.43819217
"Jacobs Well",41,"Brain Injury Rehabilitation Unit",1394,153.3629,-27.78179,"Gold Coast University Hospital","Brain Injury Rehabilitation Unit",33.883718045
"Logan Village",56,"Brain Injury Rehabilitation Unit",1393,153.1134,-27.77455,"Brain Injury Rehabilitation Unit","Brain Injury Rehabilitation Unit",41.25195715
"Cabbage Tree Point",46,"Brain Injury Rehabilitation Unit",1392,153.3552,-27.73664,"Gold Coast University Hospital","Brain Injury Rehabilitation Unit",35.485723575
"Pittsworth",160,"Brain Injury Rehabilitation Unit",1391,151.6329,-27.71797,"Brain Injury Rehabilitation Unit","Brain Injury Rehabilitation Unit",112.37610928
"Cambooya",148,"Brain Injury Rehabilitation Unit",1390,151.8615,-27.70633,"Brain Injury Rehabilitation Unit","Brain Injury Rehabilitation Unit",106.85816831
"Deebing Heights",51,"Brain Injury Rehabilitation Unit",1389,152.7546,-27.69709,"Brain Injury Rehabilitation Unit","Brain Injury Rehabilitation Unit",36.3807417
"Russell Island",118,"Brain Injury Rehabilitation Unit",1388,153.3905,-27.68322,"Brain Injury Rehabilitation Unit","Brain Injury Rehabilitation Unit",79.05485061
"Southbrook",154,"Brain Injury Rehabilitation Unit",1387,151.7128,-27.67579,"Brain Injury Rehabilitation Unit","Brain Injury Rehabilitation Unit",106.04344468
"Ripley",47,"Brain Injury Rehabilitation Unit",1386,152.7864,-27.66642,"Brain Injury Rehabilitation Unit","Brain Injury Rehabilitation Unit",31.42813773
"Wyreema",144,"Brain Injury Rehabilitation Unit",1385,151.8542,-27.65743,"Brain Injury Rehabilitation Unit","Brain Injury Rehabilitation Unit",103.00072181
"Laidley Heights",127,"Brain Injury Rehabilitation Unit",1384,152.3675,-27.63571,"Brain Injury Rehabilitation Unit","Brain Injury Rehabilitation Unit",64.12887747
"Mount Cotton",47,"Brain Injury Rehabilitation Unit",1383,153.2508,-27.63515,"Brain Injury Rehabilitation Unit","Brain Injury Rehabilitation Unit",31.84857512
"Rosewood",60,"Brain Injury Rehabilitation Unit",1382,152.5889,-27.63446,"Brain Injury Rehabilitation Unit","Brain Injury Rehabilitation Unit",44.70891386
"Laidley",127,"Brain Injury Rehabilitation Unit",1381,152.3938,-27.63099,"Brain Injury Rehabilitation Unit","Brain Injury Rehabilitation Unit",58.33069643
"Thagoona",57,"Brain Injury Rehabilitation Unit",1380,152.6257,-27.62401,"Brain Injury Rehabilitation Unit","Brain Injury Rehabilitation Unit",41.63568175
"Lamb Island",118,"Brain Injury Rehabilitation Unit",1379,153.3798,-27.62387,"Brain Injury Rehabilitation Unit","Brain Injury Rehabilitation Unit",71.52496925
"Goombungee",164,"Brain Injury Rehabilitation Unit",1338,151.8502,-27.30485,"Brain Injury Rehabilitation Unit","Brain Injury Rehabilitation Unit",111.93125337
"Westbrook",141,"Brain Injury Rehabilitation Unit",1378,151.8757,-27.60355,"Brain Injury Rehabilitation Unit","Brain Injury Rehabilitation Unit",99.63518723
"Walloon",55,"Brain Injury Rehabilitation Unit",1377,152.6725,-27.60325,"Brain Injury Rehabilitation Unit","Brain Injury Rehabilitation Unit",39.82479035
"Macleay Island",116,"Brain Injury Rehabilitation Unit",1376,153.3615,-27.59184,"Brain Injury Rehabilitation Unit","Brain Injury Rehabilitation Unit",73.83337555
"Forest Hill",73,"Brain Injury Rehabilitation Unit",1375,152.3549,-27.58999,"Brain Injury Rehabilitation Unit","Brain Injury Rehabilitation Unit",57.99959716
"Plainland",67,"Brain Injury Rehabilitation Unit",1374,152.4165,-27.57656,"Brain Injury Rehabilitation Unit","Brain Injury Rehabilitation Unit",52.16447553
"Grantham",126,"Brain Injury Rehabilitation Unit",1373,152.2012,-27.57374,"Brain Injury Rehabilitation Unit","Brain Injury Rehabilitation Unit",70.15459664
"Marburg",55,"Brain Injury Rehabilitation Unit",1372,152.5954,-27.56895,"Brain Injury Rehabilitation Unit","Brain Injury Rehabilitation Unit",40.25067943
"Coochiemudlo Island",114,"Brain Injury Rehabilitation Unit",1371,153.3328,-27.56886,"Brain Injury Rehabilitation Unit","Brain Injury Rehabilitation Unit",44.25689606
"Toowoomba",133,"Brain Injury Rehabilitation Unit",1370,151.9528,-27.56216,"Brain Injury Rehabilitation Unit","Brain Injury Rehabilitation Unit",88.26447445
"Gatton",127,"Brain Injury Rehabilitation Unit",1369,152.2751,-27.56033,"Brain Injury Rehabilitation Unit","Brain Injury Rehabilitation Unit",62.54882434
"Placid Hills",127,"Brain Injury Rehabilitation Unit",1368,152.2504,-27.5578,"Brain Injury Rehabilitation Unit","Brain Injury Rehabilitation Unit",66.2224794
"Withcott",140,"Brain Injury Rehabilitation Unit",1367,152.026,-27.55364,"Brain Injury Rehabilitation Unit","Brain Injury Rehabilitation Unit",76.63585619
"Prince Henry Heights",138,"Brain Injury Rehabilitation Unit",1366,151.9905,-27.55295,"Brain Injury Rehabilitation Unit","Brain Injury Rehabilitation Unit",86.80185357
"Helidon",149,"Brain Injury Rehabilitation Unit",1365,152.1254,-27.54838,"Brain Injury Rehabilitation Unit","Brain Injury Rehabilitation Unit",70.45244663
"Glenore Grove",126,"Brain Injury Rehabilitation Unit",1364,152.4122,-27.54114,"Brain Injury Rehabilitation Unit","Brain Injury Rehabilitation Unit",54.25347942
"Kensington Grove - Regency Downs",125,"Brain Injury Rehabilitation Unit",1363,152.4572,-27.53986,"Brain Injury Rehabilitation Unit","Brain Injury Rehabilitation Unit",51.65972605
"Minden Village",62,"Brain Injury Rehabilitation Unit",1362,152.5591,-27.5357,"Brain Injury Rehabilitation Unit","Brain Injury Rehabilitation Unit",46.44948929
"Cecil Plains",191,"Brain Injury Rehabilitation Unit",1361,151.1936,-27.53233,"Brain Injury Rehabilitation Unit","Brain Injury Rehabilitation Unit",138.04025191
"Brightview",66,"Brain Injury Rehabilitation Unit",1360,152.4916,-27.51975,"Brain Injury Rehabilitation Unit","Brain Injury Rehabilitation Unit",50.71590027
"Gowrie Mountain",146,"Brain Injury Rehabilitation Unit",1359,151.8228,-27.51137,"Brain Injury Rehabilitation Unit","Brain Injury Rehabilitation Unit",94.01662795
"Blue Mountain Heights",142,"Brain Injury Rehabilitation Unit",1358,151.9612,-27.50364,"Brain Injury Rehabilitation Unit","Brain Injury Rehabilitation Unit",90.53431145
"Dunwich",116,"Brain Injury Rehabilitation Unit",1357,153.4038,-27.49776,"Brain Injury Rehabilitation Unit","Brain Injury Rehabilitation Unit",82.96294679
"Lockrose",71,"Brain Injury Rehabilitation Unit",1356,152.4579,-27.49448,"Brain Injury Rehabilitation Unit","Brain Injury Rehabilitation Unit",56.91201266
"Gowrie Junction",145,"Brain Injury Rehabilitation Unit",1355,151.8928,-27.49125,"Brain Injury Rehabilitation Unit","Brain Injury Rehabilitation Unit",92.73435423
"Kingsthorpe",150,"Brain Injury Rehabilitation Unit",1354,151.8191,-27.47543,"Brain Injury Rehabilitation Unit","Brain Injury Rehabilitation Unit",98.02037522
"Highfields",146,"Brain Injury Rehabilitation Unit",1352,151.9481,-27.46253,"Brain Injury Rehabilitation Unit","Brain Injury Rehabilitation Unit",95.97185368
"Murphys Creek",152,"Brain Injury Rehabilitation Unit",1351,152.0567,-27.46123,"Brain Injury Rehabilitation Unit","Brain Injury Rehabilitation Unit",80.36699962
"Lowood",65,"Brain Injury Rehabilitation Unit",1350,152.5763,-27.46078,"Brain Injury Rehabilitation Unit","Brain Injury Rehabilitation Unit",49.60656927
"Fernvale",121,"Brain Injury Rehabilitation Unit",1349,152.6594,-27.45012,"Brain Injury Rehabilitation Unit","Brain Injury Rehabilitation Unit",43.88047248
"Oakey",157,"Brain Injury Rehabilitation Unit",1348,151.7183,-27.43202,"Brain Injury Rehabilitation Unit","Brain Injury Rehabilitation Unit",104.5037502
"Point Lookout",122,"Brain Injury Rehabilitation Unit",1347,153.5377,-27.43022,"Brain Injury Rehabilitation Unit","Brain Injury Rehabilitation Unit",101.57142405
"Meringandan",153,"Brain Injury Rehabilitation Unit",1346,151.9132,-27.42327,"Brain Injury Rehabilitation Unit","Brain Injury Rehabilitation Unit",103.2118672
"Meringandan West",154,"Brain Injury Rehabilitation Unit",1345,151.8819,-27.41789,"Brain Injury Rehabilitation Unit","Brain Injury Rehabilitation Unit",105.21845738
"Amity Point",117,"Brain Injury Rehabilitation Unit",1344,153.44,-27.39664,"Brain Injury Rehabilitation Unit","Brain Injury Rehabilitation Unit",98.73954695
"Coominya",125,"Brain Injury Rehabilitation Unit",1343,152.5023,-27.3916,"Brain Injury Rehabilitation Unit","Brain Injury Rehabilitation Unit",58.81420238
"Mount Nebo",55,"Brain Injury Rehabilitation Unit",1342,152.7795,-27.39084,"Brain Injury Rehabilitation Unit","Brain Injury Rehabilitation Unit",43.93633549
"Samford",40,"Brain Injury Rehabilitation Unit",1341,152.8849,-27.37146,"Brain Injury Rehabilitation Unit","Brain Injury Rehabilitation Unit",30.56607673
"Samford Valley - Highvale",45,"Brain Injury Rehabilitation Unit",1340,152.8394,-27.36508,"Brain Injury Rehabilitation Unit","Brain Injury Rehabilitation Unit",35.6333058
"Mount Glorious",58,"Brain Injury Rehabilitation Unit",1339,152.7701,-27.33397,"Brain Injury Rehabilitation Unit","Brain Injury Rehabilitation Unit",48.40423478
"Tara",196,"Brain Injury Rehabilitation Unit",1337,150.4556,-27.27772,"Roma Hospital","Brain Injury Rehabilitation Unit",173.45635389
"Crows Nest",168,"Brain Injury Rehabilitation Unit",1336,152.0506,-27.26153,"Brain Injury Rehabilitation Unit","Brain Injury Rehabilitation Unit",112.27559275
"Esk",136,"Brain Injury Rehabilitation Unit",1335,152.4179,-27.23674,"Brain Injury Rehabilitation Unit","Brain Injury Rehabilitation Unit",69.77455894
"Dayboro",60,"Brain Injury Rehabilitation Unit",1334,152.8215,-27.19792,"Brain Injury Rehabilitation Unit","Brain Injury Rehabilitation Unit",49.10065275
"Dalby",160,"Brain Injury Rehabilitation Unit",1333,151.261,-27.18328,"Brain Injury Rehabilitation Unit","Brain Injury Rehabilitation Unit",137.77687653
"Surat",345,"Brain Injury Rehabilitation Unit",1332,149.0666,-27.15384,"Roma Hospital","Brain Injury Rehabilitation Unit",173.591572555
"Beachmere",59,"Brain Injury Rehabilitation Unit",1331,153.0514,-27.12968,"Sunshine Coast University Hospital","Brain Injury Rehabilitation Unit",43.59274859
"Toogoolawah",135,"Brain Injury Rehabilitation Unit",1330,152.3753,-27.08821,"Brain Injury Rehabilitation Unit","Brain Injury Rehabilitation Unit",82.62366994
"Bongaree",73,"Brain Injury Rehabilitation Unit",1329,153.1626,-27.08546,"Sunshine Coast University Hospital","Brain Injury Rehabilitation Unit",56.31982388
"Sandstone Point",66,"Brain Injury Rehabilitation Unit",1328,153.1273,-27.08295,"Sunshine Coast University Hospital","Brain Injury Rehabilitation Unit",49.62545242
"Woorim",76,"Brain Injury Rehabilitation Unit",1327,153.2035,-27.07303,"Sunshine Coast University Hospital","Brain Injury Rehabilitation Unit",59.534609065
"Ningi",63,"Brain Injury Rehabilitation Unit",1326,153.1051,-27.06703,"Sunshine Coast University Hospital","Brain Injury Rehabilitation Unit",46.13124289
"Wamuran",60,"Brain Injury Rehabilitation Unit",1325,152.8643,-27.04069,"Sunshine Coast University Hospital","Brain Injury Rehabilitation Unit",43.36318345
"Toorbul",64,"Brain Injury Rehabilitation Unit",1324,153.0991,-27.03348,"Sunshine Coast University Hospital","Brain Injury Rehabilitation Unit",44.7087974
"Donnybrook",62,"Brain Injury Rehabilitation Unit",1323,153.0662,-27.00662,"Sunshine Coast University Hospital","Brain Injury Rehabilitation Unit",40.98264594
"Delaneys Creek",68,"Brain Injury Rehabilitation Unit",1322,152.7971,-27.00308,"Sunshine Coast University Hospital","Brain Injury Rehabilitation Unit",51.400396015
"D'Aguilar",68,"Brain Injury Rehabilitation Unit",1321,152.7984,-26.98884,"Sunshine Coast University Hospital","Brain Injury Rehabilitation Unit",50.912303915
"Beerburrum",62,"Brain Injury Rehabilitation Unit",1320,152.955,-26.96138,"Sunshine Coast University Hospital","Brain Injury Rehabilitation Unit",39.54292047
"Woodford",73,"Brain Injury Rehabilitation Unit",1319,152.778,-26.95557,"Sunshine Coast University Hospital","Brain Injury Rehabilitation Unit",54.61886777
"Kilcoy",133,"Brain Injury Rehabilitation Unit",1318,152.5638,-26.94019,"Sunshine Coast University Hospital","Brain Injury Rehabilitation Unit",69.242141145
"Beerburrum - North",62,"Brain Injury Rehabilitation Unit",1317,152.957,-26.93545,"Sunshine Coast University Hospital","Brain Injury Rehabilitation Unit",37.92331556
"Bell",160,"Brain Injury Rehabilitation Unit",1316,151.4491,-26.93176,"Gympie Hospital","Brain Injury Rehabilitation Unit",154.657185275
"Glass House Mountain",68,"Brain Injury Rehabilitation Unit",1315,152.9507,-26.89771,"Sunshine Coast University Hospital","Brain Injury Rehabilitation Unit",40.755656915
"Blackbutt",155,"Brain Injury Rehabilitation Unit",1314,152.1042,-26.88722,"Sunshine Coast University Hospital","Brain Injury Rehabilitation Unit",110.65915009
"Beerwah",123,"Brain Injury Rehabilitation Unit",1313,152.954,-26.85293,"Sunshine Coast University Hospital","Brain Injury Rehabilitation Unit",41.172467575
"Peachester",124,"Brain Injury Rehabilitation Unit",1312,152.8871,-26.84242,"Sunshine Coast University Hospital","Brain Injury Rehabilitation Unit",49.53127134
"Yarraman",155,"Brain Injury Rehabilitation Unit",1311,151.9796,-26.84046,"Gympie Hospital","Brain Injury Rehabilitation Unit",115.37401775
"Landsborough",145,"Brain Injury Rehabilitation Unit",1310,152.9652,-26.80826,"Sunshine Coast University Hospital","Brain Injury Rehabilitation Unit",40.240519955
"Jandowae",309,"Brain Injury Rehabilitation Unit",1309,151.1101,-26.78068,"Gympie Hospital","Brain Injury Rehabilitation Unit",164.32020343
"Glenview",141,"Brain Injury Rehabilitation Unit",1308,153.0204,-26.76952,"Sunshine Coast University Hospital","Brain Injury Rehabilitation Unit",39.414259375
"Mooloolah",146,"Brain Injury Rehabilitation Unit",1307,152.9616,-26.76553,"Sunshine Coast University Hospital","Brain Injury Rehabilitation Unit",44.01153091
"Maleny",126,"Brain Injury Rehabilitation Unit",1306,152.848,-26.75878,"Sunshine Coast University Hospital","Brain Injury Rehabilitation Unit",54.423834845
"Chinchilla",309,"Brain Injury Rehabilitation Unit",1305,150.628,-26.74202,"Roma Hospital","Brain Injury Rehabilitation Unit",160.64087285
"Witta",168,"Brain Injury Rehabilitation Unit",1304,152.8107,-26.70454,"Sunshine Coast University Hospital","Brain Injury Rehabilitation Unit",62.760222595
"Palmwoods",153,"Brain Injury Rehabilitation Unit",1303,152.9568,-26.69113,"Sunshine Coast University Hospital","Brain Injury Rehabilitation Unit",51.59772381
"Nanango",155,"Brain Injury Rehabilitation Unit",1302,151.9992,-26.6713,"Gympie Hospital","Brain Injury Rehabilitation Unit",116.315173055
"Woombye",149,"Brain Injury Rehabilitation Unit",1301,152.9666,-26.66148,"Sunshine Coast University Hospital","Brain Injury Rehabilitation Unit",47.191062565
"Miles",321,"Brain Injury Rehabilitation Unit",1300,150.1857,-26.65858,"Roma Hospital","Brain Injury Rehabilitation Unit",160.326718555
"Flaxton",164,"Brain Injury Rehabilitation Unit",1299,152.8647,-26.65557,"Sunshine Coast University Hospital","Brain Injury Rehabilitation Unit",62.43394666
"Kiels Mountain",150,"Brain Injury Rehabilitation Unit",1298,153.001,-26.6527,"Sunshine Coast University Hospital","Brain Injury Rehabilitation Unit",47.812294865
"Nambour",153,"Brain Injury Rehabilitation Unit",1297,152.9592,-26.62753,"Sunshine Coast University Hospital","Brain Injury Rehabilitation Unit",50.66487677
"Mapleton",128,"Brain Injury Rehabilitation Unit",1296,152.8651,-26.62074,"Sunshine Coast University Hospital","Brain Injury Rehabilitation Unit",61.56815465
"Quilpie",363,"Brain Injury Rehabilitation Unit",1295,144.2683,-26.61502,"Roma Hospital","Brain Injury Rehabilitation Unit",459.062441105
"Yuleba",369,"Brain Injury Rehabilitation Unit",1294,149.381,-26.61304,"Roma Hospital","Brain Injury Rehabilitation Unit",160.782874155
"Kureelpa",127,"Brain Injury Rehabilitation Unit",1293,152.8837,-26.60834,"Sunshine Coast University Hospital","Brain Injury Rehabilitation Unit",59.78682533
"Kenilworth",139,"Brain Injury Rehabilitation Unit",1292,152.727,-26.59522,"Gympie Hospital","Brain Injury Rehabilitation Unit",76.154615295
"Wallumbilla",369,"Brain Injury Rehabilitation Unit",1291,149.187,-26.58483,"Roma Hospital","Brain Injury Rehabilitation Unit",161.013251935
"Roma",369,"Brain Injury Rehabilitation Unit",1290,148.7879,-26.57094,"Roma Hospital","Brain Injury Rehabilitation Unit",160.608427085
"Yandina",155,"Brain Injury Rehabilitation Unit",1289,152.9565,-26.56212,"Sunshine Coast University Hospital","Brain Injury Rehabilitation Unit",53.02662388
"Kingaroy",165,"Brain Injury Rehabilitation Unit",1288,151.8443,-26.53645,"Gympie Hospital","Brain Injury Rehabilitation Unit",128.12553584
"Mitchell",327,"Brain Injury Rehabilitation Unit",1287,147.976,-26.48827,"Roma Hospital","Brain Injury Rehabilitation Unit",215.935451725
"Eumundi",160,"Brain Injury Rehabilitation Unit",1286,152.9513,-26.47643,"Sunshine Coast University Hospital","Brain Injury Rehabilitation Unit",58.530946095
"Imbil",146,"Brain Injury Rehabilitation Unit",1285,152.677,-26.46119,"Gympie Hospital","Brain Injury Rehabilitation Unit",70.67323711
"Weyba Downs",162,"Brain Injury Rehabilitation Unit",1284,153.0474,-26.45561,"Sunshine Coast University Hospital","Brain Injury Rehabilitation Unit",63.863793215
"Doonan - Tinbeerwah",165,"Brain Injury Rehabilitation Unit",1283,153.0119,-26.43781,"Sunshine Coast University Hospital","Brain Injury Rehabilitation Unit",64.457888505
"Cooroy",164,"Brain Injury Rehabilitation Unit",1282,152.9089,-26.41875,"Gympie Hospital","Brain Injury Rehabilitation Unit",60.96875212
"Sunshine Beach",170,"Brain Injury Rehabilitation Unit",1281,153.1058,-26.41021,"Sunshine Coast University Hospital","Brain Injury Rehabilitation Unit",72.63108456
"Charleville",321,"Brain Injury Rehabilitation Unit",1280,146.2416,-26.40697,"Roma Hospital","Brain Injury Rehabilitation Unit",328.665977255
"Black Mountain",168,"Brain Injury Rehabilitation Unit",1279,152.8819,-26.40467,"Gympie Hospital","Brain Injury Rehabilitation Unit",61.40989114
"Forest Acres",136,"Brain Injury Rehabilitation Unit",1278,152.9413,-26.36638,"Gympie Hospital","Brain Injury Rehabilitation Unit",67.20464219
"Pomona",171,"Brain Injury Rehabilitation Unit",1277,152.8533,-26.36256,"Gympie Hospital","Brain Injury Rehabilitation Unit",64.09896967
"Cooroibah",176,"Brain Injury Rehabilitation Unit",1276,152.9939,-26.35897,"Gympie Hospital","Brain Injury Rehabilitation Unit",76.349732875
"Amamoor",142,"Brain Injury Rehabilitation Unit",1275,152.6748,-26.34607,"Gympie Hospital","Brain Injury Rehabilitation Unit",63.17442681
"Cooran",139,"Brain Injury Rehabilitation Unit",1274,152.8222,-26.33805,"Gympie Hospital","Brain Injury Rehabilitation Unit",64.71663162
"Wondai",165,"Brain Injury Rehabilitation Unit",1273,151.8736,-26.32045,"Gympie Hospital","Brain Injury Rehabilitation Unit",130.10546572
"Cherbourg",170,"Brain Injury Rehabilitation Unit",1272,151.9565,-26.28971,"Gympie Hospital","Brain Injury Rehabilitation Unit",124.556759535
"Boreen Point",139,"Brain Injury Rehabilitation Unit",1271,152.9952,-26.28443,"Gympie Hospital","Brain Injury Rehabilitation Unit",77.821716035
"Murgon",170,"Brain Injury Rehabilitation Unit",1270,151.9402,-26.24246,"Gympie Hospital","Brain Injury Rehabilitation Unit",121.47632436
"Pie Creek",160,"Brain Injury Rehabilitation Unit",1269,152.6277,-26.23769,"Gympie Hospital","Brain Injury Rehabilitation Unit",61.709738985
"Gowrie",321,"Brain Injury Rehabilitation Unit",1268,146.3207,-26.23114,"Roma Hospital","Brain Injury Rehabilitation Unit",342.75143901
"Nahrunda",160,"Brain Injury Rehabilitation Unit",1267,152.6127,-26.20237,"Gympie Hospital","Brain Injury Rehabilitation Unit",63.098330335
"The Palms",160,"Brain Injury Rehabilitation Unit",1266,152.5889,-26.19336,"Gympie Hospital","Brain Injury Rehabilitation Unit",65.82183044
"Gympie",160,"Brain Injury Rehabilitation Unit",1265,152.6706,-26.18893,"Gympie Hospital","Brain Injury Rehabilitation Unit",58.968224905
"Goomeri",170,"Brain Injury Rehabilitation Unit",1264,152.0647,-26.18048,"Gympie Hospital","Brain Injury Rehabilitation Unit",110.157022345
"Proston",170,"Brain Injury Rehabilitation Unit",1263,151.603,-26.16377,"Gympie Hospital","Brain Injury Rehabilitation Unit",152.227544725
"Wandoan",321,"Brain Injury Rehabilitation Unit",1262,149.9628,-26.12088,"Roma Hospital","Brain Injury Rehabilitation Unit",191.004652975
"Kilkivan",164,"Brain Injury Rehabilitation Unit",1261,152.2399,-26.08621,"Gympie Hospital","Brain Injury Rehabilitation Unit",92.19596873
"Curra",204,"Brain Injury Rehabilitation Unit",1260,152.5881,-26.07081,"Gympie Hospital","Brain Injury Rehabilitation Unit",71.829087465
"Cooloola Village",155,"Brain Injury Rehabilitation Unit",1259,152.982,-25.97598,"Gympie Hospital","Brain Injury Rehabilitation Unit",96.241809235
"Glenwood",254,"Brain Injury Rehabilitation Unit",1258,152.6324,-25.94735,"Gympie Hospital","Brain Injury Rehabilitation Unit",85.80235912
"Tin Can Bay",159,"Brain Injury Rehabilitation Unit",1257,153.0031,-25.91357,"Gympie Hospital","Brain Injury Rehabilitation Unit",94.839136265
"Rainbow Beach",159,"Brain Injury Rehabilitation Unit",1256,153.0922,-25.90782,"Gympie Hospital","Brain Injury Rehabilitation Unit",108.36166738
"Bauple Forest",250,"Brain Injury Rehabilitation Unit",1255,152.636,-25.85212,"Gympie Hospital","Brain Injury Rehabilitation Unit",96.814315275
"Injune",315,"Brain Injury Rehabilitation Unit",1254,148.5651,-25.84311,"Roma Hospital","Brain Injury Rehabilitation Unit",217.55553453
"Augathella",339,"Brain Injury Rehabilitation Unit",1253,146.5842,-25.79596,"Roma Hospital","Brain Injury Rehabilitation Unit",330.095013665
"Tiaro",236,"Brain Injury Rehabilitation Unit",1252,152.584,-25.725,"Gympie Hospital","Brain Injury Rehabilitation Unit",99.371458455
"Poona",184,"Brain Injury Rehabilitation Unit",1251,152.9052,-25.71673,"Gympie Hospital","Brain Injury Rehabilitation Unit",108.59372861
"Boonooroo - Tuan",237,"Brain Injury Rehabilitation Unit",1250,152.8771,-25.6788,"Gympie Hospital","Brain Injury Rehabilitation Unit",110.89148217
"Taroom",261,"Brain Injury Rehabilitation Unit",1249,149.7974,-25.6412,"Roma Hospital","Brain Injury Rehabilitation Unit",207.957524475
"Gayndah",224,"Brain Injury Rehabilitation Unit",1248,151.6074,-25.62451,"Gympie Hospital","Brain Injury Rehabilitation Unit",161.155053205
"Maaroom",232,"Brain Injury Rehabilitation Unit",1247,152.8722,-25.61156,"Gympie Hospital","Brain Injury Rehabilitation Unit",113.787637455
"Mundubbera",215,"Brain Injury Rehabilitation Unit",1246,151.2992,-25.59115,"Gympie Hospital","Brain Injury Rehabilitation Unit",188.43640377
"Maryborough",215,"Brain Injury Rehabilitation Unit",1245,152.6935,-25.52726,"Gympie Hospital","Brain Injury Rehabilitation Unit",118.736034825
"Oakhurst",227,"Brain Injury Rehabilitation Unit",1244,152.6206,-25.51008,"Gympie Hospital","Brain Injury Rehabilitation Unit",122.24219244
"Biggenden",174,"Brain Injury Rehabilitation Unit",1243,152.0449,-25.50952,"Gympie Hospital","Brain Injury Rehabilitation Unit",138.42951925
"Aldershot",223,"Brain Injury Rehabilitation Unit",1242,152.6613,-25.46311,"Gympie Hospital","Brain Injury Rehabilitation Unit",120.3877298
"River Heads",206,"Brain Injury Rehabilitation Unit",1241,152.9102,-25.39864,"Gympie Hospital","Brain Injury Rehabilitation Unit",149.020150095
"Eidsvold",215,"Brain Injury Rehabilitation Unit",1240,151.1221,-25.37064,"Gympie Hospital","Brain Injury Rehabilitation Unit",212.189615845
"Booral",203,"Brain Injury Rehabilitation Unit",1239,152.9037,-25.36202,"Gympie Hospital","Brain Injury Rehabilitation Unit",145.606301165
"Sunshine Acres",198,"Brain Injury Rehabilitation Unit",1238,152.7889,-25.35801,"Gympie Hospital","Brain Injury Rehabilitation Unit",137.44560011
"Walligan",199,"Brain Injury Rehabilitation Unit",1237,152.771,-25.35161,"Gympie Hospital","Brain Injury Rehabilitation Unit",135.542637465
"Torbanlea",214,"Brain Injury Rehabilitation Unit",1236,152.596,-25.34752,"Gympie Hospital","Brain Injury Rehabilitation Unit",129.548418005
"Howard",218,"Brain Injury Rehabilitation Unit",1235,152.5602,-25.31648,"Gympie Hospital","Brain Injury Rehabilitation Unit",132.897119615
"Hervey Bay",201,"Brain Injury Rehabilitation Unit",1234,152.8722,-25.28535,"Gympie Hospital","Brain Injury Rehabilitation Unit",150.73428445
"Pacific Haven",222,"Brain Injury Rehabilitation Unit",1233,152.5565,-25.26683,"Gympie Hospital","Brain Injury Rehabilitation Unit",137.67282888
"Toogoom",207,"Brain Injury Rehabilitation Unit",1232,152.6898,-25.25614,"Gympie Hospital","Brain Injury Rehabilitation Unit",141.2610208
"Childers",315,"Brain Injury Rehabilitation Unit",1231,152.2765,-25.23536,"Gympie Hospital","Brain Injury Rehabilitation Unit",150.89006065
"Burrum Heads - South",212,"Brain Injury Rehabilitation Unit",1230,152.5934,-25.23535,"Gympie Hospital","Brain Injury Rehabilitation Unit",139.89799348
"Apple Tree Creek",313,"Brain Injury Rehabilitation Unit",1229,152.2338,-25.22391,"Gympie Hospital","Brain Injury Rehabilitation Unit",155.579401835
"Burrum Heads - East",217,"Brain Injury Rehabilitation Unit",1228,152.6334,-25.21101,"Gympie Hospital","Brain Injury Rehabilitation Unit",142.699116155
"Burrum Heads",216,"Brain Injury Rehabilitation Unit",1227,152.609,-25.18701,"Gympie Hospital","Brain Injury Rehabilitation Unit",143.84313594
"Mount Perry",219,"Brain Injury Rehabilitation Unit",1226,151.6442,-25.18036,"Gympie Hospital","Brain Injury Rehabilitation Unit",222.81074911
"Cordalba",339,"Brain Injury Rehabilitation Unit",1225,152.2111,-25.15681,"Gympie Hospital","Brain Injury Rehabilitation Unit",162.127536125
"Woodgate",319,"Brain Injury Rehabilitation Unit",1224,152.5506,-25.0964,"Gympie Hospital","Brain Injury Rehabilitation Unit",172.22448757
"Gin Gin",314,"Brain Injury Rehabilitation Unit",1223,151.9557,-24.99157,"Gympie Hospital","Brain Injury Rehabilitation Unit",187.9205637
"South Bingera",293,"Brain Injury Rehabilitation Unit",1222,152.2194,-24.96842,"Gympie Hospital","Brain Injury Rehabilitation Unit",177.473464025
"Theodore",229,"Brain Injury Rehabilitation Unit",1221,150.075,-24.94678,"Rockhampton Hospital","Brain Injury Rehabilitation Unit",254.564055835
"Elliott Heads",298,"Brain Injury Rehabilitation Unit",1220,152.4888,-24.9178,"Gympie Hospital","Brain Injury Rehabilitation Unit",194.13847464
"Sharon",292,"Brain Injury Rehabilitation Unit",1219,152.2587,-24.88377,"Gympie Hospital","Brain Injury Rehabilitation Unit",190.17073919
"Tambo",369,"Brain Injury Rehabilitation Unit",1218,146.2549,-24.88339,"Central West Sub-Acute Service","Brain Injury Rehabilitation Unit",377.877825305
"Innes Park",296,"Brain Injury Rehabilitation Unit",1217,152.4823,-24.88137,"Gympie Hospital","Brain Injury Rehabilitation Unit",192.409762775
"Bundaberg",281,"Brain Injury Rehabilitation Unit",1216,152.3444,-24.87052,"Gympie Hospital","Brain Injury Rehabilitation Unit",188.08093643
"Monto",244,"Brain Injury Rehabilitation Unit",1215,151.1207,-24.86547,"Rockhampton Hospital","Brain Injury Rehabilitation Unit",242.880433405
"Oakwood",286,"Brain Injury Rehabilitation Unit",1214,152.298,-24.85082,"Gympie Hospital","Brain Injury Rehabilitation Unit",192.79166564
"Sloping Hummock",291,"Brain Injury Rehabilitation Unit",1213,152.4252,-24.8436,"Gympie Hospital","Brain Injury Rehabilitation Unit",190.75888611
"Gooburrum",286,"Brain Injury Rehabilitation Unit",1212,152.345,-24.81685,"Gympie Hospital","Brain Injury Rehabilitation Unit",195.49034591
"Bargara",294,"Brain Injury Rehabilitation Unit",1211,152.4607,-24.81453,"Gympie Hospital","Brain Injury Rehabilitation Unit",195.452741265
"Burnett Heads",295,"Brain Injury Rehabilitation Unit",1210,152.4149,-24.76892,"Gympie Hospital","Brain Injury Rehabilitation Unit",196.30246226
"Moore Park",297,"Brain Injury Rehabilitation Unit",1209,152.2757,-24.71776,"Gympie Hospital","Brain Injury Rehabilitation Unit",207.068653835
"Moura",271,"Brain Injury Rehabilitation Unit",1208,149.9719,-24.57498,"Rockhampton Hospital","Brain Injury Rehabilitation Unit",261.925335055
"Thangool",272,"Brain Injury Rehabilitation Unit",1207,150.5751,-24.48738,"Rockhampton Hospital","Brain Injury Rehabilitation Unit",241.871241535
"Blackall",369,"Brain Injury Rehabilitation Unit",1206,145.4645,-24.42336,"Central West Sub-Acute Service","Brain Injury Rehabilitation Unit",378.82867252
"Biloela",272,"Brain Injury Rehabilitation Unit",1205,150.5098,-24.39602,"Rockhampton Hospital","Brain Injury Rehabilitation Unit",242.24137348
"Miriam Vale",260,"Brain Injury Rehabilitation Unit",1204,151.5583,-24.328,"Rockhampton Hospital","Brain Injury Rehabilitation Unit",209.97753499
"Taylors Creek",333,"Brain Injury Rehabilitation Unit",1203,149.1545,-24.25325,"Rockhampton Hospital","Brain Injury Rehabilitation Unit",314.13049746
"Agnes Water",286,"Brain Injury Rehabilitation Unit",1202,151.9008,-24.21017,"Rockhampton Hospital","Brain Injury Rehabilitation Unit",238.10845874
"Baralaba",333,"Brain Injury Rehabilitation Unit",1201,149.8114,-24.17958,"Rockhampton Hospital","Brain Injury Rehabilitation Unit",275.578490295
"Seventeen Seventy",289,"Brain Injury Rehabilitation Unit",1200,151.8855,-24.16343,"Rockhampton Hospital","Brain Injury Rehabilitation Unit",244.91759271
"Woorabinda",333,"Brain Injury Rehabilitation Unit",1199,149.4575,-24.1306,"Rockhampton Hospital","Brain Injury Rehabilitation Unit",294.08899174
"Springsure",357,"Brain Injury Rehabilitation Unit",1198,148.0891,-24.11595,"Roma Hospital","Townsville University Hospital",326.638695785
"Benaraby",227,"Brain Injury Rehabilitation Unit",1197,151.3256,-24.00187,"Rockhampton Hospital","Brain Injury Rehabilitation Unit",209.834913
"Calliope",227,"Brain Injury Rehabilitation Unit",1196,151.213,-23.99655,"Rockhampton Hospital","Brain Injury Rehabilitation Unit",210.71790436
"Wurdong Heights",227,"Brain Injury Rehabilitation Unit",1195,151.3025,-23.98485,"Rockhampton Hospital","Brain Injury Rehabilitation Unit",211.428150405
"Tannum Sands",227,"Brain Injury Rehabilitation Unit",1194,151.3685,-23.94867,"Rockhampton Hospital","Brain Injury Rehabilitation Unit",216.63799335
"Gladstone",227,"Brain Injury Rehabilitation Unit",1193,151.2578,-23.84753,"Rockhampton Hospital","Brain Injury Rehabilitation Unit",216.01722012
"Mount Larcom",354,"Brain Injury Rehabilitation Unit",1192,150.9799,-23.8124,"Rockhampton Hospital","Brain Injury Rehabilitation Unit",209.41189694
"Willows Gemfields",345,"Brain Injury Rehabilitation Unit",1191,147.5411,-23.73932,"Central West Sub-Acute Service","Townsville University Hospital",327.670350625
"Duaringa",376,"Brain Injury Rehabilitation Unit",1190,149.6687,-23.71846,"Rockhampton Hospital","Brain Injury Rehabilitation Unit",275.534958775
"Alpha",381,"Brain Injury Rehabilitation Unit",1189,146.6387,-23.65028,"Central West Sub-Acute Service","Townsville University Hospital",320.02265546
"Dingo",345,"Brain Injury Rehabilitation Unit",1188,149.3315,-23.64629,"Rockhampton Hospital","Townsville University Hospital",281.658111
"Mount Morgan",336,"Brain Injury Rehabilitation Unit",1187,150.3881,-23.64464,"Rockhampton Hospital","Brain Injury Rehabilitation Unit",232.199321255
"Bluff",345,"Brain Injury Rehabilitation Unit",1186,149.0695,-23.57993,"Rockhampton Hospital","Townsville University Hospital",285.8130312
"Bouldercombe",322,"Brain Injury Rehabilitation Unit",1185,150.4668,-23.57818,"Rockhampton Hospital","Brain Injury Rehabilitation Unit",217.954923145
"Blackwater",345,"Brain Injury Rehabilitation Unit",1184,148.8834,-23.5779,"Rockhampton Hospital","Townsville University Hospital",286.50562309
"Barcaldine",381,"Brain Injury Rehabilitation Unit",1183,145.2854,-23.55288,"Central West Sub-Acute Service","Townsville University Hospital",325.739498085
"Emerald",345,"Brain Injury Rehabilitation Unit",1182,148.1598,-23.52349,"Rockhampton Hospital","Townsville University Hospital",284.72946483
"Sapphire",345,"Brain Injury Rehabilitation Unit",1181,147.7193,-23.46006,"Rockhampton Hospital","Townsville University Hospital",306.322512455
"Longreach",399,"Brain Injury Rehabilitation Unit",1180,144.2475,-23.44447,"Central West Sub-Acute Service","Townsville University Hospital",259.156003615
"Gracemere",315,"Brain Injury Rehabilitation Unit",1179,150.4558,-23.43865,"Rockhampton Hospital","Brain Injury Rehabilitation Unit",212.795899065
"Rubyvale",345,"Brain Injury Rehabilitation Unit",1178,147.6974,-23.42054,"Rockhampton Hospital","Townsville University Hospital",306.2224806
"Rockhampton",305,"Brain Injury Rehabilitation Unit",1177,150.4974,-23.38918,"Rockhampton Hospital","Brain Injury Rehabilitation Unit",208.663866155
"Keppel Sands",336,"Brain Injury Rehabilitation Unit",1176,150.7919,-23.3275,"Rockhampton Hospital","Brain Injury Rehabilitation Unit",239.445456865
"Emu Park",339,"Brain Injury Rehabilitation Unit",1175,150.8238,-23.25994,"Rockhampton Hospital","Brain Injury Rehabilitation Unit",242.716798795
"Glendale",326,"Brain Injury Rehabilitation Unit",1174,150.4751,-23.24572,"Rockhampton Hospital","Brain Injury Rehabilitation Unit",229.97914471
"Kinka Beach",338,"Brain Injury Rehabilitation Unit",1173,150.7876,-23.2243,"Rockhampton Hospital","Brain Injury Rehabilitation Unit",241.8253076
"Mulambin",344,"Brain Injury Rehabilitation Unit",1172,150.7857,-23.19155,"Rockhampton Hospital","Brain Injury Rehabilitation Unit",247.906584575
"The Caves",328,"Brain Injury Rehabilitation Unit",1171,150.4661,-23.17545,"Rockhampton Hospital","Brain Injury Rehabilitation Unit",232.311171995
"Yeppoon",339,"Brain Injury Rehabilitation Unit",1170,150.7431,-23.12635,"Rockhampton Hospital","Brain Injury Rehabilitation Unit",243.385708575
"Capella",345,"Brain Injury Rehabilitation Unit",1169,148.0248,-23.08513,"Rockhampton Hospital","Townsville University Hospital",284.575564025
"Tieri",369,"Brain Injury Rehabilitation Unit",1168,148.3497,-23.03219,"Rockhampton Hospital","Townsville University Hospital",293.43825514
"Aramac",381,"Brain Injury Rehabilitation Unit",1167,145.2439,-22.9698,"Central West Sub-Acute Service","Townsville University Hospital",367.74447295
"Boulia",357,"Townsville University Hospital",1166,139.9082,-22.91287,"Central West Sub-Acute Service","Townsville University Hospital",520.755672475
"Byfield",360,"Brain Injury Rehabilitation Unit",1165,150.6508,-22.85074,"Rockhampton Hospital","Brain Injury Rehabilitation Unit",263.80328089
"Clermont",293,"Townsville University Hospital",1164,147.6374,-22.82681,"Rockhampton Hospital","Townsville University Hospital",287.519724575
"Middlemount",274,"Townsville University Hospital",1163,148.7039,-22.81426,"Rockhampton Hospital","Townsville University Hospital",281.91979288
"Dysart",274,"Townsville University Hospital",1162,148.3481,-22.58982,"Rockhampton Hospital","Townsville University Hospital",296.541378695
"Winton",351,"Townsville University Hospital",1161,143.0414,-22.38676,"Central West Sub-Acute Service","Townsville University Hospital",258.853697925
"Moranbah",243,"Townsville University Hospital",1160,148.0456,-22.0039,"Rockhampton Hospital","Townsville University Hospital",310.752506445
"Nebo",261,"Townsville University Hospital",1159,148.6917,-21.69028,"Rockhampton Hospital","Townsville University Hospital",254.741242785
"Armstrong Beach",235,"Townsville University Hospital",1158,149.2873,-21.45078,"Rockhampton Hospital","Townsville University Hospital",239.112385945
"Sarina",225,"Townsville University Hospital",1157,149.216,-21.4206,"Rockhampton Hospital","Townsville University Hospital",232.577329225
"Sarina Beach",228,"Townsville University Hospital",1156,149.3095,-21.38995,"Rockhampton Hospital","Townsville University Hospital",239.54132044
"Campwin Beach",229,"Townsville University Hospital",1155,149.313,-21.37793,"Rockhampton Hospital","Townsville University Hospital",240.46688967
"Grasstree Beach",228,"Townsville University Hospital",1154,149.3067,-21.36404,"Rockhampton Hospital","Townsville University Hospital",240.57793501
"Glenden",213,"Townsville University Hospital",1153,148.1138,-21.35315,"Townsville University Hospital","Townsville University Hospital",258.0834264
"Hay Point",227,"Townsville University Hospital",1152,149.2905,-21.29652,"Rockhampton Hospital","Townsville University Hospital",242.673954695
"Eton",219,"Townsville University Hospital",1151,148.9732,-21.26365,"Rockhampton Hospital","Townsville University Hospital",236.263856255
"Bakers Creek",208,"Townsville University Hospital",1150,149.1521,-21.20776,"Rockhampton Hospital","Townsville University Hospital",234.74028601
"Walkerston",210,"Townsville University Hospital",1149,149.0554,-21.16249,"Rockhampton Hospital","Townsville University Hospital",234.82823202
"Mirani",225,"Townsville University Hospital",1148,148.8653,-21.16023,"Rockhampton Hospital","Townsville University Hospital",242.72155027
"Mackay",201,"Townsville University Hospital",1147,149.1664,-21.15497,"Rockhampton Hospital","Townsville University Hospital",236.02468955
"Marian",218,"Townsville University Hospital",1146,148.9428,-21.14558,"Rockhampton Hospital","Townsville University Hospital",235.855098075
"Finch Hatton",244,"Townsville University Hospital",1145,148.6313,-21.14165,"Rockhampton Hospital","Townsville University Hospital",257.83189301
"Erakala",207,"Townsville University Hospital",1144,149.1071,-21.12326,"Rockhampton Hospital","Townsville University Hospital",234.99413705
"Farleigh",208,"Townsville University Hospital",1143,149.1017,-21.10705,"Rockhampton Hospital","Townsville University Hospital",233.09900522
"Nindaroo",214,"Townsville University Hospital",1142,149.1636,-21.05945,"Rockhampton Hospital","Townsville University Hospital",244.484014885
"Haliday Bay - Ball Bay",234,"Townsville University Hospital",1140,148.9879,-20.90075,"Rockhampton Hospital","Townsville University Hospital",247.198075645
"Calen",236,"Townsville University Hospital",1139,148.7716,-20.89849,"Townsville University Hospital","Townsville University Hospital",217.8878607
"Seaforth",234,"Townsville University Hospital",1138,148.9607,-20.89524,"Rockhampton Hospital","Townsville University Hospital",247.621649915
"Hughenden",303,"Townsville University Hospital",1137,144.1992,-20.84553,"Townsville University Hospital","Townsville University Hospital",258.6784947
"Richmond",321,"Townsville University Hospital",1136,143.1423,-20.73186,"Townsville University Hospital","Townsville University Hospital",338.2240319
"Mount Isa",321,"Townsville University Hospital",1135,139.4993,-20.73044,"Central West Sub-Acute Service","Townsville University Hospital",514.618390395
"Cloncurry",327,"Townsville University Hospital",1134,140.5092,-20.70554,"Central West Sub-Acute Service","Townsville University Hospital",435.48477666
"Julia Creek",327,"Townsville University Hospital",1133,141.7435,-20.65701,"Central West Sub-Acute Service","Townsville University Hospital",369.235802145
"Midge Point",267,"Townsville University Hospital",1132,148.7213,-20.65029,"Townsville University Hospital","Townsville University Hospital",197.2785208
"Scottville",186,"Townsville University Hospital",1131,147.8184,-20.57206,"Townsville University Hospital","Townsville University Hospital",184.6055052
"Collinsville",186,"Townsville University Hospital",1130,147.8441,-20.55341,"Townsville University Hospital","Townsville University Hospital",180.8340175
"Proserpine",196,"Townsville University Hospital",1129,148.5821,-20.40489,"Townsville University Hospital","Townsville University Hospital",175.0745524
"Mount Julian",196,"Townsville University Hospital",1128,148.6196,-20.37468,"Townsville University Hospital","Townsville University Hospital",176.5526797
"Cannonvale",196,"Townsville University Hospital",1126,148.6962,-20.2769,"Townsville University Hospital","Townsville University Hospital",184.2158004
"Airlie Beach",196,"Townsville University Hospital",1125,148.7132,-20.26829,"Townsville University Hospital","Townsville University Hospital",187.9391187
"Ravenswood",144,"Townsville University Hospital",1124,146.8898,-20.10146,"Townsville University Hospital","Townsville University Hospital",82.7330207
"Hideaway Bay - Dingo Beach",196,"Townsville University Hospital",1123,148.4886,-20.08489,"Townsville University Hospital","Townsville University Hospital",183.9408397
"Charters Towers",152,"Townsville University Hospital",1122,146.2598,-20.07699,"Townsville University Hospital","Townsville University Hospital",90.71172953
"Merinda",183,"Townsville University Hospital",1121,148.1648,-20.01751,"Townsville University Hospital","Townsville University Hospital",128.9773991
"Bowen",183,"Townsville University Hospital",1120,148.2418,-20.01494,"Townsville University Hospital","Townsville University Hospital",136.0164966
"Camooweal",363,"Townsville University Hospital",1119,138.119,-19.92248,"Central West Sub-Acute Service","Townsville University Hospital",631.444940265
"Home Hill",136,"Townsville University Hospital",1118,147.4144,-19.66043,"Townsville University Hospital","Townsville University Hospital",70.87277856
"Ayr",136,"Townsville University Hospital",1117,147.4056,-19.57545,"Townsville University Hospital","Townsville University Hospital",61.79092973
"Brandon",136,"Townsville University Hospital",1116,147.3554,-19.55389,"Townsville University Hospital","Townsville University Hospital",55.77882303
"Kalamia Estate",136,"Townsville University Hospital",1115,147.4184,-19.53428,"Townsville University Hospital","Townsville University Hospital",67.14997686
"Giru",55,"Townsville University Hospital",1114,147.1066,-19.51333,"Townsville University Hospital","Townsville University Hospital",39.88493742
"Alva Beach",137,"Townsville University Hospital",1113,147.4799,-19.45506,"Townsville University Hospital","Townsville University Hospital",75.38588839
"Alligator Creek",39,"Townsville University Hospital",1112,146.9432,-19.42302,"Townsville University Hospital","Townsville University Hospital",23.91320446
"Cungulla",50,"Townsville University Hospital",1111,147.1112,-19.40128,"Townsville University Hospital","Townsville University Hospital",34.92663311
"Nome",33,"Townsville University Hospital",1110,146.9099,-19.37372,"Townsville University Hospital","Townsville University Hospital",17.938261
"Alice River",31,"Townsville University Hospital",1109,146.6023,-19.32778,"Townsville University Hospital","Townsville University Hospital",16.00790769
"Rangewood",28,"Townsville University Hospital",1108,146.6392,-19.31192,"Townsville University Hospital","Townsville University Hospital",13.49819877
"Townsville",30,"Townsville University Hospital",1107,146.8092,-19.26508,"Townsville University Hospital","Townsville University Hospital",15.43296472
"Black River",32,"Townsville University Hospital",1106,146.618,-19.23302,"Townsville University Hospital","Townsville University Hospital",17.40782956
"Bluewater Park",43,"Townsville University Hospital",1105,146.5138,-19.20308,"Townsville University Hospital","Townsville University Hospital",27.82355798
"Pallarenda",36,"Townsville University Hospital",1104,146.773,-19.20234,"Townsville University Hospital","Townsville University Hospital",20.55136238
"Yabulu",36,"Townsville University Hospital",1103,146.5851,-19.20155,"Townsville University Hospital","Townsville University Hospital",20.55597816
"Picnic Bay",107,"Townsville University Hospital",1102,146.8379,-19.17814,"Townsville University Hospital","Townsville University Hospital",67.93645744
"Bluewater",39,"Townsville University Hospital",1101,146.5589,-19.1675,"Townsville University Hospital","Townsville University Hospital",24.33048709
"Saunders Beach",40,"Townsville University Hospital",1100,146.6098,-19.15875,"Townsville University Hospital","Townsville University Hospital",24.8172253
"Nelly Bay",108,"Townsville University Hospital",1099,146.8484,-19.15696,"Townsville University Hospital","Townsville University Hospital",64.50439318
"Arcadia Bay",109,"Townsville University Hospital",1098,146.8651,-19.14853,"Townsville University Hospital","Townsville University Hospital",66.25233923
"Toolakea",43,"Townsville University Hospital",1097,146.5788,-19.14605,"Townsville University Hospital","Townsville University Hospital",28.14502335
"Horseshoe Bay",110,"Townsville University Hospital",1096,146.8597,-19.11815,"Townsville University Hospital","Townsville University Hospital",70.42251091
"Balgal Beach",56,"Townsville University Hospital",1095,146.4083,-19.01722,"Townsville University Hospital","Townsville University Hospital",40.98592217
"Palm Island",130,"Townsville University Hospital",1094,146.6058,-18.72665,"Townsville University Hospital","Townsville University Hospital",284.3648964
"Allingham",141,"Townsville University Hospital",1093,146.2953,-18.70771,"Townsville University Hospital","Townsville University Hospital",87.7786455
"Ingham",141,"Townsville University Hospital",1092,146.1581,-18.64706,"Townsville University Hospital","Townsville University Hospital",75.33067823
"Trebonne",141,"Townsville University Hospital",1091,146.0781,-18.62689,"Townsville University Hospital","Townsville University Hospital",80.53296272
"Taylors Beach",141,"Townsville University Hospital",1090,146.3273,-18.62407,"Townsville University Hospital","Townsville University Hospital",93.48412274
"Macknade",141,"Townsville University Hospital",1089,146.2605,-18.58664,"Townsville University Hospital","Townsville University Hospital",87.42525437
"Halifax",141,"Townsville University Hospital",1088,146.2856,-18.58094,"Townsville University Hospital","Townsville University Hospital",88.62110909
"Lucinda",141,"Townsville University Hospital",1087,146.3337,-18.52889,"Townsville University Hospital","Townsville University Hospital",95.78898402
"Georgetown",309,"Townsville University Hospital",1086,143.5479,-18.29241,"Cairns Hospital","Townsville University Hospital",313.84355355
"Cardwell",141,"Townsville University Hospital",1085,146.0227,-18.26396,"Townsville University Hospital","Townsville University Hospital",110.1552451
"Croydon",333,"Townsville University Hospital",1084,142.2422,-18.2051,"Cairns Hospital","Townsville University Hospital",409.77814442
"Tully Heads",183,"Townsville University Hospital",1083,146.0563,-18.01976,"Cairns Hospital","Townsville University Hospital",134.235945825
"Carmoo",183,"Townsville University Hospital",1082,146.0461,-17.94788,"Cairns Hospital","Townsville University Hospital",129.804441
"South Mission Beach",183,"Townsville University Hospital",1081,146.0909,-17.94652,"Cairns Hospital","Townsville University Hospital",137.109735145
"Doomadgee",375,"Townsville University Hospital",1080,138.824,-17.94141,"Central West Sub-Acute Service","Townsville University Hospital",727.27320828
"Tully",183,"Townsville University Hospital",1079,145.9217,-17.93491,"Cairns Hospital","Townsville University Hospital",124.268000935
"Wongaling Beach",183,"Townsville University Hospital",1078,146.091,-17.91401,"Cairns Hospital","Townsville University Hospital",135.052380015
"Mission Beach",183,"Townsville University Hospital",1077,146.107,-17.86879,"Cairns Hospital","Townsville University Hospital",134.582180065
"Bingil Bay",183,"Townsville University Hospital",1076,146.0976,-17.83471,"Cairns Hospital","Townsville University Hospital",134.92075859
"El Arish",183,"Townsville University Hospital",1075,146.0048,-17.80559,"Cairns Hospital","Townsville University Hospital",122.26925331
"Kurrimine",168,"Townsville University Hospital",1074,146.1047,-17.77796,"Cairns Hospital","Townsville University Hospital",129.799603055
"Silkwood",168,"Townsville University Hospital",1073,146.0203,-17.74863,"Cairns Hospital","Townsville University Hospital",123.18939966
"Burketown",363,"Townsville University Hospital",1072,139.5466,-17.74255,"Central West Sub-Acute Service","Townsville University Hospital",692.427999925
"Mount Garnet",187,"Townsville University Hospital",1071,145.1208,-17.67675,"Cairns Hospital","Townsville University Hospital",200.44997264
"Normanton",351,"Townsville University Hospital",1070,141.0761,-17.67331,"Cairns Hospital","Townsville University Hospital",506.076564905
"Ravenshoe",175,"Townsville University Hospital",1069,145.4842,-17.60534,"Cairns Hospital","Townsville University Hospital",171.90652851
"South Johnstone",168,"Townsville University Hospital",1068,145.9951,-17.60097,"Cairns Hospital","Townsville University Hospital",122.48249929
"Mourilyan",168,"Townsville University Hospital",1067,146.0419,-17.583,"Cairns Hospital","Townsville University Hospital",122.43876823
"Wangan",168,"Townsville University Hospital",1066,146.0083,-17.57463,"Cairns Hospital","Townsville University Hospital",122.960616815
"Innisfail",168,"Townsville University Hospital",1065,146.0299,-17.52363,"Cairns Hospital","Townsville University Hospital",122.70099102
"Belvedere",168,"Townsville University Hospital",1064,145.9896,-17.51972,"Cairns Hospital","Townsville University Hospital",123.796599805
"Millaa Millaa",175,"Townsville University Hospital",1063,145.612,-17.51108,"Cairns Hospital","Townsville University Hospital",151.796618025
"Coconuts",168,"Townsville University Hospital",1062,146.0431,-17.50908,"Cairns Hospital","Townsville University Hospital",126.101393805
"Flying Fish Point",168,"Townsville University Hospital",1061,146.0754,-17.49616,"Cairns Hospital","Townsville University Hospital",130.877148315
"Karumba",351,"Townsville University Hospital",1060,140.8383,-17.48673,"Cairns Hospital","Townsville University Hospital",551.91631546
"Tarzali",175,"Townsville University Hospital",1059,145.61,-17.42092,"Cairns Hospital","Townsville University Hospital",151.613571175
"Mirriwinni",222,"Townsville University Hospital",1058,145.9089,-17.39951,"Cairns Hospital","Townsville University Hospital",122.475844785
"Herberton",178,"Townsville University Hospital",1057,145.3852,-17.38376,"Cairns Hospital","Townsville University Hospital",166.80685316
"Malanda",175,"Townsville University Hospital",1056,145.5954,-17.35328,"Cairns Hospital","Townsville University Hospital",150.804824245
"Bramston Beach",168,"Townsville University Hospital",1055,146.0198,-17.35108,"Cairns Hospital","Townsville University Hospital",131.324892175
"Babinda",218,"Townsville University Hospital",1054,145.9219,-17.3445,"Cairns Hospital","Townsville University Hospital",123.3897452
"Yungaburra",175,"Townsville University Hospital",1053,145.5851,-17.26885,"Cairns Hospital","Townsville University Hospital",154.67698161
"Atherton",175,"Townsville University Hospital",1052,145.4776,-17.26641,"Cairns Hospital","Townsville University Hospital",162.05462704
"Tolga",175,"Townsville University Hospital",1051,145.4776,-17.22463,"Cairns Hospital","Townsville University Hospital",161.032853245
"Tolga - West",175,"Townsville University Hospital",1050,145.4506,-17.204,"Cairns Hospital","Townsville University Hospital",162.30367173
"Tinaroo",175,"Townsville University Hospital",1049,145.5505,-17.16863,"Cairns Hospital","Townsville University Hospital",169.08843357
"Walkamin",178,"Townsville University Hospital",1048,145.4411,-17.15428,"Cairns Hospital","Townsville University Hospital",160.02969049
"Chillagoe",202,"Townsville University Hospital",1047,144.5225,-17.15243,"Cairns Hospital","Townsville University Hospital",260.122615135
"Dimbulah",188,"Townsville University Hospital",1046,145.1096,-17.15058,"Cairns Hospital","Townsville University Hospital",188.4890811
"Goldsborough",201,"Townsville University Hospital",1045,145.7509,-17.14553,"Cairns Hospital","Townsville University Hospital",128.96102357
"Gordonvale",195,"Townsville University Hospital",1044,145.7806,-17.09611,"Cairns Hospital","Townsville University Hospital",122.913130255
"Mareeba - South",178,"Townsville University Hospital",1043,145.4211,-17.05062,"Cairns Hospital","Townsville University Hospital",160.947298535
"Mareeba",178,"Townsville University Hospital",1042,145.4221,-16.9965,"Cairns Hospital","Townsville University Hospital",162.597050545
"Cairns",172,"Townsville University Hospital",1041,145.7649,-16.92311,"Cairns Hospital","Townsville University Hospital",121.935812865
"Yarrabah",170,"Townsville University Hospital",1040,145.865,-16.90636,"Cairns Hospital","Townsville University Hospital",146.51604817
"Kuranda",201,"Townsville University Hospital",1039,145.6352,-16.82032,"Cairns Hospital","Townsville University Hospital",151.40248918
"Oak Beach",215,"Townsville University Hospital",1037,145.5147,-16.5941,"Cairns Hospital","Townsville University Hospital",166.38753359
"Craiglie",226,"Townsville University Hospital",1036,145.467,-16.51455,"Cairns Hospital","Townsville University Hospital",176.71157866
"Port Douglas",197,"Townsville University Hospital",1035,145.4662,-16.48533,"Cairns Hospital","Townsville University Hospital",179.540114835
"Mossman",197,"Townsville University Hospital",1034,145.3731,-16.46155,"Cairns Hospital","Townsville University Hospital",184.58166038
"Cooya Beach",197,"Townsville University Hospital",1033,145.4067,-16.44813,"Cairns Hospital","Townsville University Hospital",183.62191915
"Newell",197,"Townsville University Hospital",1032,145.4061,-16.425,"Cairns Hospital","Townsville University Hospital",190.77838214
"Wonga Beach",197,"Townsville University Hospital",1031,145.4137,-16.3472,"Cairns Hospital","Townsville University Hospital",198.423943475
"Daintree",197,"Townsville University Hospital",1030,145.3306,-16.26079,"Cairns Hospital","Townsville University Hospital",210.045394025
"Wujal Wujal",222,"Townsville University Hospital",1029,145.3188,-15.94835,"Cairns Hospital","Townsville University Hospital",267.10697799
"Kowanyama",369,"Townsville University Hospital",1028,141.7435,-15.47744,"Cairns Hospital","Townsville University Hospital",764.529042295
"Cooktown",245,"Townsville University Hospital",1027,145.2488,-15.47177,"Cairns Hospital","Townsville University Hospital",335.677292415
"Hope Vale",258,"Townsville University Hospital",1026,145.1102,-15.2971,"Cairns Hospital","Townsville University Hospital",372.542846655
"Pormpuraaw",381,"Townsville University Hospital",1025,141.6245,-14.89198,"Cairns Hospital","Townsville University Hospital",545.676107605
"Coen",375,"Townsville University Hospital",1024,143.1999,-13.9448,"Cairns Hospital","Townsville University Hospital",517.186593525
"Aurukun",399,"Townsville University Hospital",1023,141.7292,-13.35609,"Cairns Hospital","Townsville University Hospital",706.14408337
"Lockhart River",387,"Townsville University Hospital",1022,143.3424,-12.78591,"Cairns Hospital","Townsville University Hospital",748.961990875
"Napranum",411,"Townsville University Hospital",1021,141.8909,-12.68153,"Cairns Hospital","Townsville University Hospital",706.522240415
"Weipa",411,"Townsville University Hospital",1020,141.8777,-12.62496,"Cairns Hospital","Townsville University Hospital",713.05227822
"Mapoon",429,"Townsville University Hospital",1019,141.8976,-12.02178,"Cairns Hospital","Townsville University Hospital",768.40852244
"Injinoo",447,"Townsville University Hospital",1018,142.3275,-10.90209,"Cairns Hospital","Townsville University Hospital",832.59118507
"Bamaga",447,"Townsville University Hospital",1017,142.3893,-10.89279,"Cairns Hospital","Townsville University Hospital",837.138957345
"Umagico",447,"Townsville University Hospital",1016,142.3489,-10.88916,"Cairns Hospital","Townsville University Hospital",835.926384015
"New Mapoon",447,"Townsville University Hospital",1015,142.3863,-10.87403,"Cairns Hospital","Townsville University Hospital",838.584054015
"Seisia",447,"Townsville University Hospital",1014,142.3701,-10.85188,"Cairns Hospital","Townsville University Hospital",842.14916386
"Horn Island",414,"Townsville University Hospital",1013,142.2837,-10.60644,"Cairns Hospital","Townsville University Hospital",991.955002195
"Thursday Island",324,"Townsville University Hospital",1012,142.2167,-10.5804,"Cairns Hospital","Townsville University Hospital",977.278586185
"Birdsville",489,"Brain Injury Rehabilitation Unit",1438,139.3551,-25.8978,"Central West Sub-Acute Service","Townsville University Hospital",781.9293898
"Durham",375,"Brain Injury Rehabilitation Unit",1439,141.811455,-27.397056,"Central West Sub-Acute Service","Brain Injury Rehabilitation Unit",666.80032922
"Hungerford",375,"Brain Injury Rehabilitation Unit",1440,144.409847,-28.996741,"Roma Hospital","Brain Injury Rehabilitation Unit",531.02257507
